prolific_pid,order_group,trial_num,condition,ai_cond,win_status,prompt_id,likes,response_text,ai_used,ai_num_user_msgs,regret_what_text,wish_change_text,regret_response,pride,satisfaction,disappointment,wish_written_differently,self_responsibility,effort,perceived_quality,authenticity,difficulty,regret_relied_ai,ai_helpful,ai_satisfying,wish_used_ai_declined,wish_used_ai_unavailable,response_words,response_chars,rt_write_ms,ai_available,ai_log_json,comp_attempts,comp_passed,comp_tries_to_pass,age,gender,race,ethnicity,ai_freq_work,ai_freq_dating,ai_freq_romantic,ai_freq_companion,ai_trust,dating_app_use,likes_believable,suspicion,strategy,feedback,ai_n_turns,ai_n_user_turns,ai_text_contained
P0001,1,1,AI-,AI,Loss,1,2,"Pretty much everything, I'm an overthinker in general",FALSE,0,nothing,I probably would just skip this question if possible,0,0,2,12,0,97,19,24,100,98,NA,NA,NA,0,NA,8,53,24572,TRUE,[],1,TRUE,1,50,Male,White,Non-Hispanic,Not at all,Not at all,Not at all,Not at all,Not at all,A few times,Not very believable,to see if we would use the AI to lie,i dont use AI for this so no brainer,NA,0,0,NA
P0001,1,2,Solo-,Solo,Loss,0,4,you like sports and are 420 friendly,FALSE,0,nothing,nothing at all,0,0,47,8,0,100,50,91,100,17,NA,NA,NA,NA,0,7,36,13931,FALSE,[],1,TRUE,1,50,Male,White,Non-Hispanic,Not at all,Not at all,Not at all,Not at all,Not at all,A few times,Not very believable,to see if we would use the AI to lie,i dont use AI for this so no brainer,NA,0,0,NA
P0001,1,3,AI+,AI,Win,2,17,watching sports and having nice relaxing night in,FALSE,0,nothing,not a thing,0,47,100,0,0,100,57,100,100,0,NA,NA,NA,0,NA,8,49,14294,TRUE,[],1,TRUE,1,50,Male,White,Non-Hispanic,Not at all,Not at all,Not at all,Not at all,Not at all,A few times,Not very believable,to see if we would use the AI to lie,i dont use AI for this so no brainer,NA,0,0,NA
P0001,1,4,Solo+,Solo,Win,3,18,"Hmm probably nothing, I've been perfect for long there is not much to do",FALSE,0,nothing,not a thing,0,95,100,100,0,91,100,100,100,44,NA,NA,NA,NA,0,14,72,35958,FALSE,[],1,TRUE,1,50,Male,White,Non-Hispanic,Not at all,Not at all,Not at all,Not at all,Not at all,A few times,Not very believable,to see if we would use the AI to lie,i dont use AI for this so no brainer,NA,0,0,NA
P0002,2,1,Solo-,Solo,Loss,1,4,how much I'd rather be at home.,FALSE,0,nothing,nothing,0,0,100,0,0,100,70,21,100,0,NA,NA,NA,NA,0,7,31,30279,FALSE,[],1,TRUE,1,34,Non-binary,White,Non-Hispanic,Not at all,Not at all,Not at all,Not at all,Not at all,Once or twice,Not believable at all,How gullible we are to results that are obviously fabricated.,I just wrote what I felt like.,no,0,0,NA
P0002,2,2,AI-,AI,Loss,2,2,staying at home with a good book.,FALSE,0,n/a,n/a,0,0,100,0,0,100,70,100,100,0,NA,NA,NA,0,NA,7,33,16399,TRUE,[],1,TRUE,1,34,Non-binary,White,Non-Hispanic,Not at all,Not at all,Not at all,Not at all,Not at all,Once or twice,Not believable at all,How gullible we are to results that are obviously fabricated.,I just wrote what I felt like.,no,0,0,NA
P0002,2,3,Solo+,Solo,Win,3,18,being and staying sober.,FALSE,0,n/a,n/a,0,0,100,0,0,100,61,100,100,0,NA,NA,NA,NA,0,4,24,23403,FALSE,[],1,TRUE,1,34,Non-binary,White,Non-Hispanic,Not at all,Not at all,Not at all,Not at all,Not at all,Once or twice,Not believable at all,How gullible we are to results that are obviously fabricated.,I just wrote what I felt like.,no,0,0,NA
P0002,2,4,AI+,AI,Win,0,18,you can put up with me.,FALSE,0,n/a,n/a,0,0,100,0,0,100,80,100,100,0,NA,NA,NA,0,NA,6,23,14531,TRUE,[],1,TRUE,1,34,Non-binary,White,Non-Hispanic,Not at all,Not at all,Not at all,Not at all,Not at all,Once or twice,Not believable at all,How gullible we are to results that are obviously fabricated.,I just wrote what I felt like.,no,0,0,NA
P0003,1,1,AI-,AI,Loss,3,4,finding dates on this site!!,TRUE,1,N/A,Maybe come up with something different,0,50,50,15,15,100,60,60,25,5,0,19,10,NA,NA,5,28,68518,TRUE,"[{""role"":""user"",""content"":""make this funnier"",""t"":55486},{""role"":""assistant"",""content"":""Sure! Share the line or section you'd like me to punch up and I'll give you some funnier options to work with."",""t"":57743}]",1,TRUE,1,51,Male,Multiracial/Mixed,Hispanic,Daily or almost daily,Not at all,Not at all,Once or twice,Moderately,Several times a week,Somewhat believable,How do people change what they write in dating profiles if they know the responses are tied to likes,I tried to stay true to myself without worrying about likes,Thank you for letting me participate,2,1,FALSE
P0003,1,2,Solo-,Solo,Loss,1,1,my guestlist at my funeral!!,FALSE,0,Nothing,"Nothing really, it is fun being able to write something ridiculous.",0,50,65,0,0,100,60,50,30,0,NA,NA,NA,NA,0,5,28,44990,FALSE,[],1,TRUE,1,51,Male,Multiracial/Mixed,Hispanic,Daily or almost daily,Not at all,Not at all,Once or twice,Moderately,Several times a week,Somewhat believable,How do people change what they write in dating profiles if they know the responses are tied to likes,I tried to stay true to myself without worrying about likes,Thank you for letting me participate,0,0,NA
P0003,1,3,AI+,AI,Win,0,12,support a free Palestine!!,TRUE,1,Nothing,Nothing,0,100,100,0,0,100,65,76,100,0,0,20,20,NA,NA,4,26,95863,TRUE,"[{""role"":""user"",""content"":""support a free Palestine!!         make this funnier"",""t"":75383},{""role"":""assistant"",""content"":""Here are a couple of options that keep the spirit but add some humor:\n\n1. \""Warning: I will absolutely make you watch a documentary on our third date.\""\n\n2. \""I come with strong opinions and even stronger hummus recommendations.\""\n\n3. \""Looking for someone who can handle deep convictions and my very long reading list.\""\n\nThese work better for a dating profile because they show your passion and personality without leading with something that might shut down a conversation before it starts. Humor is a great way to signal what matters to you while still being approachable."",""t"":80871}]",1,TRUE,1,51,Male,Multiracial/Mixed,Hispanic,Daily or almost daily,Not at all,Not at all,Once or twice,Moderately,Several times a week,Somewhat believable,How do people change what they write in dating profiles if they know the responses are tied to likes,I tried to stay true to myself without worrying about likes,Thank you for letting me participate,2,1,FALSE
P0003,1,4,Solo+,Solo,Win,2,15,"sitting by a fireplace, reading a good book with a hot cup of tea, with the rain and thunder heard in the background",FALSE,0,nothing,nothing,0,100,100,0,0,100,70,70,100,0,NA,NA,NA,NA,0,23,116,80759,FALSE,[],1,TRUE,1,51,Male,Multiracial/Mixed,Hispanic,Daily or almost daily,Not at all,Not at all,Once or twice,Moderately,Several times a week,Somewhat believable,How do people change what they write in dating profiles if they know the responses are tied to likes,I tried to stay true to myself without worrying about likes,Thank you for letting me participate,0,0,NA
P0004,2,1,Solo-,Solo,Loss,1,3,when will this end,FALSE,0,nothing everything aint for everybody im ok with my likes,nothing at all,0,76,70,0,0,99,0,53,100,82,NA,NA,NA,NA,0,4,18,9766,FALSE,[],1,TRUE,1,54,Female,Black/African American,Non-Hispanic,Daily or almost daily,Not at all,Not at all,Not at all,Moderately,Not at all,Somewhat believable,willingness to use ai,ai doesnt know me and i think its unfortunate that it can misrepresent sonmeone,NA,0,0,NA
P0004,2,2,AI-,AI,Loss,0,3,you like little shop of horrors,FALSE,0,"its a quirky movie, shows me someone can think outside of the box",absolutely nothing,0,97,96,0,0,98,99,95,100,39,NA,NA,NA,0,NA,6,31,16095,TRUE,[],1,TRUE,1,54,Female,Black/African American,Non-Hispanic,Daily or almost daily,Not at all,Not at all,Not at all,Moderately,Not at all,Somewhat believable,willingness to use ai,ai doesnt know me and i think its unfortunate that it can misrepresent sonmeone,NA,0,0,NA
P0004,2,3,Solo+,Solo,Win,3,18,keeping quiet and listening,FALSE,0,nothing at all,nothing i like what i said,0,100,100,0,0,99,100,99,98,0,NA,NA,NA,NA,0,4,27,20814,FALSE,[],1,TRUE,1,54,Female,Black/African American,Non-Hispanic,Daily or almost daily,Not at all,Not at all,Not at all,Moderately,Not at all,Somewhat believable,willingness to use ai,ai doesnt know me and i think its unfortunate that it can misrepresent sonmeone,NA,0,0,NA
P0004,2,4,AI+,AI,Win,2,14,relaxed and in bed by 10pm quiet and comfy,FALSE,0,nothing i thought it was pretty good,nothing at all,0,97,98,0,2,100,100,99,100,0,NA,NA,NA,0,NA,9,42,27072,TRUE,[],1,TRUE,1,54,Female,Black/African American,Non-Hispanic,Daily or almost daily,Not at all,Not at all,Not at all,Moderately,Not at all,Somewhat believable,willingness to use ai,ai doesnt know me and i think its unfortunate that it can misrepresent sonmeone,NA,0,0,NA
P0005,1,1,AI-,AI,Loss,1,1,Whether I made a good first impression. I'll let you know when I stop replaying it in 2031.,TRUE,3,NA,NA,23,70,16,13,0,32,81,77,82,57,0,100,100,NA,NA,18,91,129328,TRUE,"[{""role"":""user"",""content"":""help me make this less vulnerable sounding"",""t"":35455},{""role"":""assistant"",""content"":""Sure! Share what you've written and I'll help you punch it up a bit."",""t"":38166},{""role"":""user"",""content"":""the thing i overthink the most is how people perceive me"",""t"":59149},{""role"":""assistant"",""content"":""Got it. That's pretty common to feel but you're right, it reads a little exposed on a dating app. Here are a few ways to say something similar with more confidence:\n\n1. Whether I made a good first impression — still thinking about it three days later.\n\n2. Probably the same conversation on a loop, but I like to think I call it \""processing.\""\n\n3. What to text back. I have opinions.\n\nThe trick is hinting at self-awareness without handing over the vulnerability right away. You want them curious, not worried about you. Want to tweak any of these?"",""t"":64384},{""role"":""user"",""content"":""tweak the first one to sound more joking"",""t"":97688},{""role"":""assistant"",""content"":""Sure, something like:\n\n1. Whether I made a good first impression — I'll let you know when I stop replaying it in 2031.\n\nOr:\n\n1. Whether I made a good first impression. Asking for me, still thinking about it, no updates yet.\n\nDo either of those feel more like your sense of humor?"",""t"":100899}]",1,TRUE,1,37,Female,White,Non-Hispanic,Not at all,Not at all,Not at all,Daily or almost daily,Very much,Once or twice,Not very believable,If we wanted AI help or not?,I wrote the truth.,NA,6,3,FALSE
P0005,1,2,Solo-,Solo,Loss,0,2,You enjoy homemade baked goods!,FALSE,0,NA,NA,0,83,0,100,0,100,38,62,90,0,NA,NA,NA,NA,59,5,31,14601,FALSE,[],1,TRUE,1,37,Female,White,Non-Hispanic,Not at all,Not at all,Not at all,Daily or almost daily,Very much,Once or twice,Not very believable,If we wanted AI help or not?,I wrote the truth.,NA,0,0,NA
P0005,1,3,AI+,AI,Win,3,18,"Finally comfortable on my own two feet. Would love someone to walk next to, not lean on.",TRUE,2,NA,NA,0,86,100,0,0,71,68,100,100,51,0,100,100,NA,NA,17,88,107423,TRUE,"[{""role"":""user"",""content"":""something ive gotten better at lately... being independent. help me make this sound good"",""t"":34681},{""role"":""assistant"",""content"":""Here are a couple of ways to phrase it:\n\n1. \""Learning to enjoy my own company — and honestly, I'm pretty good at it now.\""\n\n2. \""I've gotten a lot better at doing life on my own terms lately. Still love good company though.\""\n\n3. \""Finally figured out how to be my own person. Took a while, but here we are.\""\n\nThe key is adding a small warm twist at the end so it doesn't read as \""I don't need anyone.\"" Something that hints you're independent but still open to connection. Which of these feels most like you, or want me to try a different tone?"",""t"":43357},{""role"":""user"",""content"":""more still wanting someone to share my independence with"",""t"":78378},{""role"":""assistant"",""content"":""Here are a few tries:\n\n1. \""I've gotten really good at doing my own thing — now I just want someone to do their own thing alongside me.\""\n\n2. \""Finally comfortable on my own two feet. Would love someone to walk next to, not lean on.\""\n\n3. \""I've built a good little life for myself. Looking for someone to add to it, not complete it.\""\n\nNumber 3 is probably the strongest — it sounds confident without being closed off. The \""add to it, not complete it\"" line is honest and a little refreshing compared to the usual stuff people write. Want me to tweak any of these?"",""t"":82516}]",1,TRUE,1,37,Female,White,Non-Hispanic,Not at all,Not at all,Not at all,Daily or almost daily,Very much,Once or twice,Not very believable,If we wanted AI help or not?,I wrote the truth.,NA,4,2,TRUE
P0005,1,4,Solo+,Solo,Win,2,17,"A good movie, snacks, and someone to cuddle with.",FALSE,0,NA,NA,0,85,100,0,0,100,66,100,100,0,NA,NA,NA,NA,0,9,49,17900,FALSE,[],1,TRUE,1,37,Female,White,Non-Hispanic,Not at all,Not at all,Not at all,Daily or almost daily,Very much,Once or twice,Not very believable,If we wanted AI help or not?,I wrote the truth.,NA,0,0,NA
